{"run_name": "soigne_eastern_hemlock", "run_time": "05-01-2024_14:10:37S", "Device": "Tesla T4", "VRAM (GB)": 14.58, "RAM (GB)": 62.01, "CPU Count": 16, "Model": "mixtral-8x7b-instruct-v0.1.Q4_K_M.gguf", "Model Size (GB)": 24.63, "Context Window": 1100, "Batch": 512, "Threads": 10, "Batch Threads": 10, "GPU Layers": 0.3, "id": "cmpl-6375798a-e581-4120-8df2-c3d7b9063c3a", "prompt_tokens": 633, "completion_tokens": 284, "total_tokens": 917, "Load Time (s)": 19.705895, "Sample Time (s)": 0.15694400000000003, "Prompt Eval Time (s)": 27.592435000000002, "Eval Time (s)": 42.898461000000005, "Total Time (s)": 74.84587699999986, "Sample Time (Tk/s)": 1815.93, "Prompt Eval Time (Tk/s)": 22.94, "Eval Time (Tk/s)": 6.62}