{"Device": "Quadro P1000", "VRAM (GB)": 3.94, "RAM (GB)": 15.35, "CPU Count": 12, "Model": "llama-2-7b-chat.Q2_K.gguf", "Model Size (GB)": 2.63, "Context Window": 1100, "Batch": 512, "Threads": 11, "Batch Threads": 10, "GPU Layers": 0.4, "id": "cmpl-08115a37-3644-43a2-960f-582637758251", "prompt_tokens": 592, "completion_tokens": 19, "total_tokens": 611, "Load Time (s)": 8.314086999999999, "Sample Time (s)": 0.009719, "Prompt Eval Time (s)": 9.892143, "Eval Time (s)": 2.89209, "Total Time (s)": 13.310368000000715, "Sample Time (Tk/s)": 2057.82, "Prompt Eval Time (Tk/s)": 59.85, "Eval Time (Tk/s)": 6.57}