{"Device": "Quadro P1000", "VRAM (GB)": 3.94, "RAM (GB)": 15.35, "CPU Count": 12, "Model": "llama-2-7b-chat.Q2_K.gguf", "Model Size (GB)": 2.63, "Context Window": 1100, "Batch": 512, "Threads": 4, "Batch Threads": 10, "GPU Layers": 0.4, "id": "cmpl-e9d7a3e3-d073-4053-961a-c27f4fc84a40", "prompt_tokens": 592, "completion_tokens": 19, "total_tokens": 611, "Load Time (s)": 8.485596, "Sample Time (s)": 0.009127000000000001, "Prompt Eval Time (s)": 10.053358, "Eval Time (s)": 3.0765819999999997, "Total Time (s)": 13.650513000000268, "Sample Time (Tk/s)": 2191.3, "Prompt Eval Time (Tk/s)": 58.89, "Eval Time (Tk/s)": 6.18}