{"Device": "Quadro P1000", "VRAM (GB)": 3.94, "RAM (GB)": 15.35, "CPU Count": 12, "Model": "llama-2-7b-chat.Q2_K.gguf", "Model Size (GB)": 2.63, "Context Window": 1100, "Batch": 512, "Threads": 15, "Batch Threads": 10, "GPU Layers": 0.4, "id": "cmpl-56f73811-7f7b-4d7e-bd6e-4db88f21a1cd", "prompt_tokens": 592, "completion_tokens": 19, "total_tokens": 611, "Load Time (s)": 8.633996000000002, "Sample Time (s)": 0.010483000000000001, "Prompt Eval Time (s)": 10.191296, "Eval Time (s)": 215.8787, "Total Time (s)": 226.62722100000084, "Sample Time (Tk/s)": 1907.85, "Prompt Eval Time (Tk/s)": 58.09, "Eval Time (Tk/s)": 0.09}