{"id": "cmpl-7c474179-061e-457c-8412-210e1b817da0", "Run Name": "sectional_Sauvignon_grape", "run_time": "26-01-2024_10:31:41", "Device": "Tesla T4", "VRAM (GB)": 14.58, "RAM (GB)": 62.01, "CPU Count": 16, "Model": "solar-10.7b-instruct-v1.0.Q4_K_M.gguf", "Model Size (GB)": 6.02, "Context Window": 1100, "Batch": 512, "Threads": 10, "Batch Threads": 10, "Prompt Length": 500, "New Tokens": 100, "Load Time (s)": 4.161662000000001, "Sample Time (s)": 0.047074, "Prompt Eval Time (s)": 4.1611210000000005, "Eval Time (s)": 13.124853000000002, "Total Time (s)": 17.59, "Sample Time (Tk/s)": 2124.31, "Prompt Eval Time (Tk/s)": 119.92, "Eval Time (Tk/s)": 7.54, "memo": "", "GPU Layers": 0.3}